no,item_name,item_id,sku,outlet,warehouse,period_from,period_to,report_unit,report_qty,fo_price_stored,cost_implied_fo_div_112,matched_gr_number,matched_gr_date,matched_po_number,matched_po_price,matched_po_unit,matched_hpp_large,matched_sell_large,fo_tanggal_ref,match_method,price_reason
1,"Beras Lokal",52334,GC-20250620-2217,"Justus Steakhouse SMB","Main Store",2026-06-01,2026-06-30,Kilogram,25.000,17500.00,15625.00,GR-20260602-0007,2026-06-02,POF26051459,15600.00,Kilogram,15600.00,17500.00,2026-06-03,sell_line≈fo_stored,"FO simpan Rp 17.500 = jual +12% dari GR GR-20260602-0007 (2026-06-02), PO POF26051459, beli Rp 15.600/Kilogram (HPP Rp 15.600). Angka ~15.625 di laporan = FO÷1,12."
2,"Beras Pandan Wangi",52333,GC-20250620-5032,"Justus Steakhouse SMB","Main Store",2026-06-01,2026-06-30,Kilogram,10.000,17500.00,15625.00,GR-20260529-0018,2026-05-29,POF26051290,15600.00,Kilogram,15600.00,17500.00,2026-06-01,sell_line≈fo_stored,"FO simpan Rp 17.500 = jual +12% dari GR GR-20260529-0018 (2026-05-29), PO POF26051290, beli Rp 15.600/Kilogram (HPP Rp 15.600). Angka ~15.625 di laporan = FO÷1,12."
3,"Black Pepper",52337,GC-20260225-2603,"Justus Steakhouse SMB","Main Store",2026-06-01,2026-06-30,Kilogram,0.500,201700.00,180089.29,GR-20260604-0026,2026-06-04,POF26060110,180000.00,Kilogram,180000.00,201700.00,2026-06-06,sell_line≈fo_stored,"FO simpan Rp 201.700 = jual +12% dari GR GR-20260604-0026 (2026-06-04), PO POF26060110, beli Rp 180.000/Kilogram (HPP Rp 180.000). Angka ~180.089 di laporan = FO÷1,12."
4,"Buah Lychee Can",52338,GC-20251224-3145,"Justus Steakhouse SMB","Main Store",2026-06-01,2026-06-30,Can,10.000,28000.00,25000.00,GR-20260530-0048,2026-05-30,POF26051291,25000.00,Can,25000.00,28000.00,2026-06-02,sell_line≈fo_stored,"FO simpan Rp 28.000 = jual +12% dari GR GR-20260530-0048 (2026-05-30), PO POF26051291, beli Rp 25.000/Can (HPP Rp 25.000). Angka ~25.000 di laporan = FO÷1,12."
5,"Buah Peach Can",52339,GC-20250620-8357,"Justus Steakhouse SMB","Main Store",2026-06-01,2026-06-30,Can,1.000,63300.00,56517.86,,,,,,,,2026-05-31,not_found,"FO Rp 63.300 belum cocok ke GR pusat ≤ 2026-05-31"
6,"Cheese Powder",52463,GC-20250620-3862,"Justus Steakhouse SMB","Main Store",2026-06-01,2026-06-30,Kilogram,0.500,179300.00,160089.29,GR-20260611-0015,2026-06-11,POF26060381,160000.00,Kilogram,160000.00,179300.00,2026-06-16,sell_line≈fo_stored,"FO simpan Rp 179.300 = jual +12% dari GR GR-20260611-0015 (2026-06-11), PO POF26060381, beli Rp 160.000/Kilogram (HPP Rp 160.000). Angka ~160.089 di laporan = FO÷1,12."
7,"Chicken Powder",52343,GC-20250620-8867,"Justus Steakhouse SMB","Main Store",2026-06-01,2026-06-30,Pack,4.000,101000.00,90178.57,GR-20260523-0015,2026-05-23,POF26050962,90099.00,Pack,90099.00,101000.00,2026-06-01,sell_line≈fo_stored,"FO simpan Rp 101.000 = jual +12% dari GR GR-20260523-0015 (2026-05-23), PO POF26050962, beli Rp 90.099/Pack (HPP Rp 90.099). Angka ~90.179 di laporan = FO÷1,12."
8,"Chilli Flake",52345,GC-20250624-1365,"Justus Steakhouse SMB","Main Store",2026-06-01,2026-06-30,Kilogram,0.500,156900.00,140089.29,GR-20260530-0010,2026-05-30,POF26051474,140000.00,Kilogram,140000.00,156900.00,2026-06-03,sell_line≈fo_stored,"FO simpan Rp 156.900 = jual +12% dari GR GR-20260530-0010 (2026-05-30), PO POF26051474, beli Rp 140.000/Kilogram (HPP Rp 140.000). Angka ~140.089 di laporan = FO÷1,12."
9,"Chocolate Compound",52461,GC-20260615-4772,"Justus Steakhouse SMB","Main Store",2026-06-01,2026-06-30,,,,,,,,,,,,,,"Tidak ada data FO/GR outlet"
10,"Coca Cola Can",52351,GC-20260508-2449,"Justus Steakhouse SMB","Main Store",2026-06-01,2026-06-30,Box,1.000,146100.00,130446.43,GR-20260603-0017,2026-06-03,POF26051465,130399.00,Box,130399.00,146100.00,2026-06-07,sell_line≈fo_stored,"FO simpan Rp 146.100 = jual +12% dari GR GR-20260603-0017 (2026-06-03), PO POF26051465, beli Rp 130.399/Box (HPP Rp 130.399). Angka ~130.446 di laporan = FO÷1,12."
11,"Coca Cola Zero Can",78832,GC-20260511-9315,"Justus Steakhouse SMB","Main Store",2026-06-01,2026-06-30,,,,,,,,,,,,,,"Tidak ada data FO/GR outlet"
12,"Cokelat Powder",52353,GC-20260406-7964,"Justus Steakhouse SMB","Main Store",2026-06-01,2026-06-30,,,,,,,,,,,,,,"Tidak ada data FO/GR outlet"
13,"Cream Soup Powder",52355,GC-20250620-9402,"Justus Steakhouse SMB","Main Store",2026-06-01,2026-06-30,,,,,,,,,,,,,,"Tidak ada data FO/GR outlet"
14,Fryall,52360,GC-20250620-6057,"Justus Steakhouse SMB","Main Store",2026-06-01,2026-06-30,Pail,3.000,453900.00,405267.86,GR-20260603-0015,2026-06-03,POF26060019,405207.00,Pail,405207.00,453900.00,2026-06-03,sell_line≈fo_stored,"FO simpan Rp 453.900 = jual +12% dari GR GR-20260603-0015 (2026-06-03), PO POF26060019, beli Rp 405.207/Pail (HPP Rp 405.207). Angka ~405.268 di laporan = FO÷1,12."
15,"Garam Kapal",52361,GC-20250620-6203,"Justus Steakhouse SMB","Main Store",2026-06-01,2026-06-30,Pack,3.000,2600.00,2321.43,GR-20260611-0022,2026-06-11,POF26060446,2250.00,Pack,2250.00,2600.00,2026-06-13,sell_line≈fo_stored,"FO simpan Rp 2.600 = jual +12% dari GR GR-20260611-0022 (2026-06-11), PO POF26060446, beli Rp 2.250/Pack (HPP Rp 2.250). Angka ~2.321 di laporan = FO÷1,12."
16,"Garam Refina",52362,GC-20250620-1464,"Justus Steakhouse SMB","Main Store",2026-06-01,2026-06-30,,,,,,,,,,,,,,"Tidak ada data FO/GR outlet"
17,"Gas Whipped",52364,GC-20250620-3158,"Justus Steakhouse SMB","Main Store",2026-06-01,2026-06-30,Pack,2.000,85800.00,76607.14,GR-20260602-0062,2026-06-02,POF26051457,76570.00,Pack,76570.00,85800.00,2026-06-07,sell_line≈fo_stored,"FO simpan Rp 85.800 = jual +12% dari GR GR-20260602-0062 (2026-06-02), PO POF26051457, beli Rp 76.570/Pack (HPP Rp 76.570). Angka ~76.607 di laporan = FO÷1,12."
18,Gerkin,52365,GC-20250620-4081,"Justus Steakhouse SMB","Main Store",2026-06-01,2026-06-30,Botol,5.000,34900.00,31160.71,GR-20260602-0054,2026-06-02,POF26051450,31080.00,Botol,31080.00,34900.00,2026-06-05,sell_line≈fo_stored,"FO simpan Rp 34.900 = jual +12% dari GR GR-20260602-0054 (2026-06-02), PO POF26051450, beli Rp 31.080/Botol (HPP Rp 31.080). Angka ~31.161 di laporan = FO÷1,12."
19,Guacamole,52660,GC-20250719-4687,"Justus Steakhouse SMB","Main Store",2026-06-01,2026-06-30,,,,,,,,,,,,,,"Tidak ada data FO/GR outlet"
20,"Gula Pasir",52371,GC-20250620-6840,"Justus Steakhouse SMB","Main Store",2026-06-01,2026-06-30,Kilogram,8.000,20000.00,17857.14,GR-20251123-0006,2025-11-23,POF25110850,17500.00,Kilogram,17500.00,19700.00,2026-06-02,sell_line≈fo_stored,"FO simpan Rp 20.000 = jual +12% dari GR GR-20251123-0006 (2025-11-23), PO POF25110850, beli Rp 17.500/Kilogram (HPP Rp 17.500). Angka ~17.857 di laporan = FO÷1,12."
21,"Gula Putih Sachet SH",52555,GC-20250620-4436,"Justus Steakhouse SMB","Main Store",2026-06-01,2026-06-30,Pack,2.000,73400.00,65535.71,GR-20251210-0029,2025-12-10,POF25120307,262.00,Pcs,65500.00,73400.00,2026-06-04,sell_line≈fo_stored,"FO simpan Rp 73.400 = jual +12% dari GR GR-20251210-0029 (2025-12-10), PO POF25120307, beli Rp 262/Pcs (HPP Rp 65.500). Angka ~65.536 di laporan = FO÷1,12."
22,"Kecap Asin Angsa",52525,GC-20250625-1654,"Justus Steakhouse SMB","Main Store",2026-06-01,2026-06-30,,,,,,,,,,,,,,"Tidak ada data FO/GR outlet"
23,"Kecap Manis",52383,GC-20250620-6331,"Justus Steakhouse SMB","Main Store",2026-06-01,2026-06-30,Pack,3.000,25800.00,23035.71,GR-20260604-0024,2026-06-04,POF26060096,23000.00,Pack,23000.00,25800.00,2026-06-05,sell_line≈fo_stored,"FO simpan Rp 25.800 = jual +12% dari GR GR-20260604-0024 (2026-06-04), PO POF26060096, beli Rp 23.000/Pack (HPP Rp 23.000). Angka ~23.036 di laporan = FO÷1,12."
24,"Kerupuk Emping",52384,GC-20260402-3048,"Justus Steakhouse SMB","Main Store",2026-06-01,2026-06-30,Kilogram,0.500,98600.00,88035.71,GR-20260529-0014,2026-05-29,POF26051289,88000.00,Kilogram,88000.00,98600.00,2026-06-01,sell_line≈fo_stored,"FO simpan Rp 98.600 = jual +12% dari GR GR-20260529-0014 (2026-05-29), PO POF26051289, beli Rp 88.000/Kilogram (HPP Rp 88.000). Angka ~88.036 di laporan = FO÷1,12."
25,Madu,52388,GC-20260319-2016,"Justus Steakhouse SMB","Main Store",2026-06-01,2026-06-30,Botol,1.000,121000.00,108035.71,GR-20260522-0020,2026-05-22,POF26050906,108000.00,Botol,108000.00,121000.00,2026-06-02,sell_line≈fo_stored,"FO simpan Rp 121.000 = jual +12% dari GR GR-20260522-0020 (2026-05-22), PO POF26050906, beli Rp 108.000/Botol (HPP Rp 108.000). Angka ~108.036 di laporan = FO÷1,12."
26,"Marjan Lychee",52390,GC-20250620-5127,"Justus Steakhouse SMB","Main Store",2026-06-01,2026-06-30,Botol,2.000,25300.00,22589.29,GR-20260604-0024,2026-06-04,POF26060096,22500.00,Botol,22500.00,25300.00,2026-06-04,sell_line≈fo_stored,"FO simpan Rp 25.300 = jual +12% dari GR GR-20260604-0024 (2026-06-04), PO POF26060096, beli Rp 22.500/Botol (HPP Rp 22.500). Angka ~22.589 di laporan = FO÷1,12."
27,"Marjan Strawberry",52392,GC-20250620-4643,"Justus Steakhouse SMB","Main Store",2026-06-01,2026-06-30,,,,,,,,,,,,,,"Tidak ada data FO/GR outlet"
28,"Marjan Vanilla",52393,GC-20250620-2030,"Justus Steakhouse SMB","Main Store",2026-06-01,2026-06-30,Botol,2.000,25300.00,22589.29,GR-20260607-0002,2026-06-07,POF26060254,22500.00,Botol,22500.00,25300.00,2026-06-07,sell_line≈fo_stored,"FO simpan Rp 25.300 = jual +12% dari GR GR-20260607-0002 (2026-06-07), PO POF26060254, beli Rp 22.500/Botol (HPP Rp 22.500). Angka ~22.589 di laporan = FO÷1,12."
29,Mayonaise,52394,GC-20260413-3504,"Justus Steakhouse SMB","Main Store",2026-06-01,2026-06-30,Pail,3.000,225300.00,201160.71,GR-20260104-0020,2026-01-04,POF26010139,204500.00,Pail,204500.00,229100.00,2026-06-01,cost_line≈fo÷1.12,"FO simpan Rp 225.300 = jual +12% dari GR GR-20260104-0020 (2026-01-04), PO POF26010139, beli Rp 204.500/Pail (HPP Rp 204.500). Angka ~201.161 di laporan = FO÷1,12."
30,"Milk Evaporate",52483,GC-20250620-7201,"Justus Steakhouse SMB","Main Store",2026-06-01,2026-06-30,Can,2.000,21300.00,19017.86,,,,,,,,2026-06-04,not_found,"FO Rp 21.300 belum cocok ke GR pusat ≤ 2026-06-04"
31,"Minyak Klentik",52607,GC-20250729-7377,"Justus Steakhouse SMB","Main Store",2026-06-01,2026-06-30,Botol,2.000,59400.00,53035.71,GR-20260528-0013,2026-05-28,POF26051244,52501.00,Botol,52501.00,58900.00,2026-06-05,sell_line≈fo_stored,"FO simpan Rp 59.400 = jual +12% dari GR GR-20260528-0013 (2026-05-28), PO POF26051244, beli Rp 52.501/Botol (HPP Rp 52.501). Angka ~53.036 di laporan = FO÷1,12."
32,"Nestea Powder",52404,GC-20250620-8456,"Justus Steakhouse SMB","Main Store",2026-06-01,2026-06-30,Pack,5.000,72000.00,64285.71,GR-20260602-0034,2026-06-02,POF26051453,64200.00,Pack,64200.00,72000.00,2026-06-02,sell_line≈fo_stored,"FO simpan Rp 72.000 = jual +12% dari GR GR-20260602-0034 (2026-06-02), PO POF26051453, beli Rp 64.200/Pack (HPP Rp 64.200). Angka ~64.286 di laporan = FO÷1,12."
33,"Olive Oil 500Mili liter",52664,GC-20260213-9753,"Justus Steakhouse SMB","Main Store",2026-06-01,2026-06-30,Botol,2.000,143400.00,128035.71,GR-20260604-0033,2026-06-04,POF26060017,128000.00,Botol,128000.00,143400.00,2026-06-05,sell_line≈fo_stored,"FO simpan Rp 143.400 = jual +12% dari GR GR-20260604-0033 (2026-06-04), PO POF26060017, beli Rp 128.000/Botol (HPP Rp 128.000). Angka ~128.036 di laporan = FO÷1,12."
34,"Oyster Sauce",52408,GC-20250620-2542,"Justus Steakhouse SMB","Main Store",2026-06-01,2026-06-30,,,,,,,,,,,,,,"Tidak ada data FO/GR outlet"
35,"Pasta Fettucine",52419,GC-20250620-9854,"Justus Steakhouse SMB","Main Store",2026-06-01,2026-06-30,Pack,3.000,24600.00,21964.29,GR-20260602-0010,2026-06-02,POF26051513,21899.00,Pack,21899.00,24600.00,2026-06-03,sell_line≈fo_stored,"FO simpan Rp 24.600 = jual +12% dari GR GR-20260602-0010 (2026-06-02), PO POF26051513, beli Rp 21.899/Pack (HPP Rp 21.899). Angka ~21.964 di laporan = FO÷1,12."
36,"Pasta Lasagna",52481,GC-20250916-5180,"Justus Steakhouse SMB","Main Store",2026-06-01,2026-06-30,Pack,6.000,28100.00,25089.29,GR-20260602-0010,2026-06-02,POF26051513,25070.00,Pack,25070.00,28100.00,2026-06-03,sell_line≈fo_stored,"FO simpan Rp 28.100 = jual +12% dari GR GR-20260602-0010 (2026-06-02), PO POF26051513, beli Rp 25.070/Pack (HPP Rp 25.070). Angka ~25.089 di laporan = FO÷1,12."
37,"Pasta Spaghetti",52420,GC-20260113-8672,"Justus Steakhouse SMB","Main Store",2026-06-01,2026-06-30,Pack,14.000,47300.00,42232.14,GR-20260602-0015,2026-06-02,POF26051461,42180.00,Pack,42180.00,47300.00,2026-06-08,sell_line≈fo_stored,"FO simpan Rp 47.300 = jual +12% dari GR GR-20260602-0015 (2026-06-02), PO POF26051461, beli Rp 42.180/Pack (HPP Rp 42.180). Angka ~42.232 di laporan = FO÷1,12."
38,"Plastik Roll Buah 30x45",52828,GC-20250620-9824,"Justus Steakhouse SMB","Main Store",2026-06-01,2026-06-30,,,,,,,,,,,,,,"Tidak ada data FO/GR outlet"
39,"Plastik Wrap",52789,GC-20250620-2423,"Justus Steakhouse SMB","Main Store",2026-06-01,2026-06-30,Pack,1.000,220700.00,197053.57,GR-20260530-0010,2026-05-30,POF26051474,197000.00,Pack,197000.00,220700.00,2026-06-04,sell_line≈fo_stored,"FO simpan Rp 220.700 = jual +12% dari GR GR-20260530-0010 (2026-05-30), PO POF26051474, beli Rp 197.000/Pack (HPP Rp 197.000). Angka ~197.054 di laporan = FO÷1,12."
40,"Salad Bowl",52790,GC-20260321-6380,"Justus Steakhouse SMB","Main Store",2026-06-01,2026-06-30,Pack,4.000,54800.00,48928.57,,,,,,,,2026-06-10,not_found,"FO Rp 54.800 belum cocok ke GR pusat ≤ 2026-06-10"
41,"Sauce Chilli Botol",52537,GC-20251021-8273,"Justus Steakhouse SMB","Main Store",2026-06-01,2026-06-30,Botol,36.000,17400.00,15535.71,GR-20260602-0013,2026-06-02,POF26051448,15500.00,Botol,15500.00,17400.00,2026-06-02,sell_line≈fo_stored,"FO simpan Rp 17.400 = jual +12% dari GR GR-20260602-0013 (2026-06-02), PO POF26051448, beli Rp 15.500/Botol (HPP Rp 15.500). Angka ~15.536 di laporan = FO÷1,12."
42,"Sauce Cup",52791,GC-20250620-3126,"Justus Steakhouse SMB","Main Store",2026-06-01,2026-06-30,,,,,,,,,,,,,,"Tidak ada data FO/GR outlet"
43,"Sauce Cup Dessert",52852,GC-20250620-4363,"Justus Steakhouse SMB","Main Store",2026-06-01,2026-06-30,,,,,,,,,,,,,,"Tidak ada data FO/GR outlet"
44,"Sauce Tomat Botol",52538,GC-20251021-9672,"Justus Steakhouse SMB","Main Store",2026-06-01,2026-06-30,,,,,,,,,,,,,,"Tidak ada data FO/GR outlet"
45,"Skewer Rotan Simpul",52510,GC-20250620-1018,"Justus Steakhouse SMB","Main Store",2026-06-01,2026-06-30,Pack,3.000,50500.00,45089.29,GR-20260521-0028,2026-05-21,POF26050899,450.00,Pcs,45000.00,50500.00,2026-06-04,sell_line≈fo_stored,"FO simpan Rp 50.500 = jual +12% dari GR GR-20260521-0028 (2026-05-21), PO POF26050899, beli Rp 450/Pcs (HPP Rp 45.000). Angka ~45.089 di laporan = FO÷1,12."
46,"Soda Water",52433,GC-20250620-5511,"Justus Steakhouse SMB","Main Store",2026-06-01,2026-06-30,Box,1.000,35300.00,31517.86,GR-20260603-0017,2026-06-03,POF26051465,31500.00,Box,31500.00,35300.00,2026-06-06,sell_line≈fo_stored,"FO simpan Rp 35.300 = jual +12% dari GR GR-20260603-0017 (2026-06-03), PO POF26051465, beli Rp 31.500/Box (HPP Rp 31.500). Angka ~31.518 di laporan = FO÷1,12."
47,Soun,52499,GC-20250620-7326,"Justus Steakhouse SMB","Main Store",2026-06-01,2026-06-30,Pack,10.000,6800.00,6071.43,GR-20260609-0039,2026-06-09,POF26060398,6000.00,Pack,6000.00,6800.00,2026-06-10,sell_line≈fo_stored,"FO simpan Rp 6.800 = jual +12% dari GR GR-20260609-0039 (2026-06-09), PO POF26060398, beli Rp 6.000/Pack (HPP Rp 6.000). Angka ~6.071 di laporan = FO÷1,12."
48,Sunquick,52436,GC-20250620-9758,"Justus Steakhouse SMB","Main Store",2026-06-01,2026-06-30,Botol,1.000,168000.00,150000.00,GR-20260524-0006,2026-05-24,POF26051116,150000.00,Botol,150000.00,168100.00,2026-05-31,cost_line≈fo÷1.12,"FO simpan Rp 168.000 = jual +12% dari GR GR-20260524-0006 (2026-05-24), PO POF26051116, beli Rp 150.000/Botol (HPP Rp 150.000). Angka ~150.000 di laporan = FO÷1,12."
49,"Syrup Gula Aren",52367,GC-20250620-5921,"Justus Steakhouse SMB","Main Store",2026-06-01,2026-06-30,Botol,1.000,72800.00,65000.00,GR-20260602-0042,2026-06-02,POF26051475,65000.00,Botol,65000.00,72800.00,2026-06-02,sell_line≈fo_stored,"FO simpan Rp 72.800 = jual +12% dari GR GR-20260602-0042 (2026-06-02), PO POF26051475, beli Rp 65.000/Botol (HPP Rp 65.000). Angka ~65.000 di laporan = FO÷1,12."
50,"Syrup Kawista",52468,GC-20250919-2584,"Justus Steakhouse SMB","Main Store",2026-06-01,2026-06-30,Botol,4.000,60500.00,54017.86,GR-20260611-0046,2026-06-11,POF26060418,54000.00,Botol,54000.00,60500.00,2026-06-12,sell_line≈fo_stored,"FO simpan Rp 60.500 = jual +12% dari GR GR-20260611-0046 (2026-06-11), PO POF26060418, beli Rp 54.000/Botol (HPP Rp 54.000). Angka ~54.018 di laporan = FO÷1,12."
51,"Syrup Mint",52399,GC-20250620-2292,"Justus Steakhouse SMB","Main Store",2026-06-01,2026-06-30,Botol,1.000,123300.00,110089.29,GR-20260603-0043,2026-06-03,POF26051508,110000.00,Botol,110000.00,123300.00,2026-06-04,sell_line≈fo_stored,"FO simpan Rp 123.300 = jual +12% dari GR GR-20260603-0043 (2026-06-03), PO POF26051508, beli Rp 110.000/Botol (HPP Rp 110.000). Angka ~110.089 di laporan = FO÷1,12."
52,"Tabasco Sauce",52437,GC-20250620-3056,"Justus Steakhouse SMB","Main Store",2026-06-01,2026-06-30,,,,,,,,,,,,,,"Tidak ada data FO/GR outlet"
53,"Teh Celup",52443,GC-20250620-6711,"Justus Steakhouse SMB","Main Store",2026-06-01,2026-06-30,,,,,,,,,,,,,,"Tidak ada data FO/GR outlet"
54,"Tepung Easy Mix",52444,GC-20250620-8983,"Justus Steakhouse SMB","Main Store",2026-06-01,2026-06-30,Pack,5.000,32000.00,28571.43,GR-20260526-0033,2026-05-26,POF26051131,28500.00,Pack,28500.00,32000.00,2026-06-01,sell_line≈fo_stored,"FO simpan Rp 32.000 = jual +12% dari GR GR-20260526-0033 (2026-05-26), PO POF26051131, beli Rp 28.500/Pack (HPP Rp 28.500). Angka ~28.571 di laporan = FO÷1,12."
55,"Tepung Roti Kasar",52447,GC-20250620-8148,"Justus Steakhouse SMB","Main Store",2026-06-01,2026-06-30,Kilogram,3.500,22200.00,19821.43,GR-20260602-0064,2026-06-02,POF26051462,19800.00,Kilogram,19800.00,22200.00,2026-06-03,sell_line≈fo_stored,"FO simpan Rp 22.200 = jual +12% dari GR GR-20260602-0064 (2026-06-02), PO POF26051462, beli Rp 19.800/Kilogram (HPP Rp 19.800). Angka ~19.821 di laporan = FO÷1,12."
56,Thyme,52655,GC-20250620-8119,"Justus Steakhouse SMB","Main Store",2026-06-01,2026-06-30,Kilogram,0.100,268800.00,240000.00,GR-20260530-0010,2026-05-30,POF26051474,240000.00,Kilogram,240000.00,268800.00,2026-06-01,sell_line≈fo_stored,"FO simpan Rp 268.800 = jual +12% dari GR GR-20260530-0010 (2026-05-30), PO POF26051474, beli Rp 240.000/Kilogram (HPP Rp 240.000). Angka ~240.000 di laporan = FO÷1,12."
57,"Tissue Dinner",52815,GC-20260626-9048,"Justus Steakhouse SMB","Main Store",2026-06-01,2026-06-30,Pack,30.000,8900.00,7946.43,GR-20260528-0001,2026-05-28,POF26051243,7882.00,Pack,7882.00,8900.00,2026-06-01,sell_line≈fo_stored,"FO simpan Rp 8.900 = jual +12% dari GR GR-20260528-0001 (2026-05-28), PO POF26051243, beli Rp 7.882/Pack (HPP Rp 7.882). Angka ~7.946 di laporan = FO÷1,12."
58,"Tissue Pop Up",52817,GC-20260415-5235,"Justus Steakhouse SMB","Main Store",2026-06-01,2026-06-30,Pack,12.000,29600.00,26428.57,GR-20260617-0045,2026-06-17,POF26060696,26383.00,Pack,26383.00,29600.00,2026-06-17,sell_line≈fo_stored,"FO simpan Rp 29.600 = jual +12% dari GR GR-20260617-0045 (2026-06-17), PO POF26060696, beli Rp 26.383/Pack (HPP Rp 26.383). Angka ~26.429 di laporan = FO÷1,12."
59,"Tissue Roll",52818,GC-20260501-8570,"Justus Steakhouse SMB","Main Store",2026-06-01,2026-06-30,,,,,,,,,,,,,,"Tidak ada data FO/GR outlet"
60,"Tissue Towel",52819,GC-20260424-9116,"Justus Steakhouse SMB","Main Store",2026-06-01,2026-06-30,Pack,168.000,6500.00,5803.57,GR-20260617-0045,2026-06-17,POF26060696,5748.00,Pack,5748.00,6500.00,2026-06-17,sell_line≈fo_stored,"FO simpan Rp 6.500 = jual +12% dari GR GR-20260617-0045 (2026-06-17), PO POF26060696, beli Rp 5.748/Pack (HPP Rp 5.748). Angka ~5.804 di laporan = FO÷1,12."
61,"Truffle Oil",52458,GC-20260203-3626,"Justus Steakhouse SMB","Main Store",2026-06-01,2026-06-30,Botol,6.000,209900.00,187410.71,GR-20260528-0055,2026-05-28,POF26051232,187404.00,Botol,187404.00,209900.00,2026-06-08,sell_line≈fo_stored,"FO simpan Rp 209.900 = jual +12% dari GR GR-20260528-0055 (2026-05-28), PO POF26051232, beli Rp 187.404/Botol (HPP Rp 187.404). Angka ~187.411 di laporan = FO÷1,12."
62,Dishwash,52717,GC-20250620-4999,"Justus Steakhouse SMB","Main Store",2026-06-01,2026-06-30,Galon,2.000,30300.00,27053.57,GR-20260530-0014,2026-05-30,POF26051333,27000.00,Galon,27000.00,30300.00,2026-06-01,sell_line≈fo_stored,"FO simpan Rp 30.300 = jual +12% dari GR GR-20260530-0014 (2026-05-30), PO POF26051333, beli Rp 27.000/Galon (HPP Rp 27.000). Angka ~27.054 di laporan = FO÷1,12."
63,"General Cleaner",55709,GC-20260416-8411,"Justus Steakhouse SMB","Main Store",2026-06-01,2026-06-30,,,,,,,,,,,,,,"Tidak ada data FO/GR outlet"
64,Hairnet,52736,GC-20250620-6280,"Justus Steakhouse SMB","Main Store",2026-06-01,2026-06-30,Pack,2.000,44900.00,40089.29,GR-20260521-0008,2026-05-21,POF26050884,40000.00,Pack,40000.00,44900.00,2026-06-01,sell_line≈fo_stored,"FO simpan Rp 44.900 = jual +12% dari GR GR-20260521-0008 (2026-05-21), PO POF26050884, beli Rp 40.000/Pack (HPP Rp 40.000). Angka ~40.089 di laporan = FO÷1,12."
65,"Hands Glove Rubber",52732,GC-20260515-4131,"Justus Steakhouse SMB","Main Store",2026-06-01,2026-06-30,Pack,1.000,68400.00,61071.43,,,,,,,,2026-06-01,not_found,"FO Rp 68.400 belum cocok ke GR pusat ≤ 2026-06-01"
66,"Masker 3 Ply",52733,GC-20250620-3579,"Justus Steakhouse SMB","Main Store",2026-06-01,2026-06-30,Pack,4.000,29200.00,26071.43,GR-20260530-0010,2026-05-30,POF26051474,26000.00,Pack,26000.00,29200.00,2026-06-05,sell_line≈fo_stored,"FO simpan Rp 29.200 = jual +12% dari GR GR-20260530-0010 (2026-05-30), PO POF26051474, beli Rp 26.000/Pack (HPP Rp 26.000). Angka ~26.071 di laporan = FO÷1,12."
67,"HVS 1 Ply 75x65",54789,GC-20260403-9291,"Justus Steakhouse SMB","Main Store",2026-06-01,2026-06-30,,,,,,,,,,,,,,"Tidak ada data FO/GR outlet"
68,"Label Preparation Roll",55500,GC-20260212-6194,"Justus Steakhouse SMB","Main Store",2026-06-01,2026-06-30,Roll,1.000,168100.00,150089.29,GR-20260603-0050,2026-06-03,POF26051479,150.00,Pcs,150000.00,168100.00,2026-06-03,sell_line≈fo_stored,"FO simpan Rp 168.100 = jual +12% dari GR GR-20260603-0050 (2026-06-03), PO POF26051479, beli Rp 150/Pcs (HPP Rp 150.000). Angka ~150.089 di laporan = FO÷1,12."
69,"Thermal Roll Steak house",52690,GC-20250620-5902,"Justus Steakhouse SMB","Main Store",2026-06-01,2026-06-30,Pcs,13.000,12700.00,11339.29,GR-20260601-0023,2026-06-01,POF26051458,11300.00,Pcs,11300.00,12700.00,2026-06-02,sell_line≈fo_stored,"FO simpan Rp 12.700 = jual +12% dari GR GR-20260601-0023 (2026-06-01), PO POF26051458, beli Rp 11.300/Pcs (HPP Rp 11.300). Angka ~11.339 di laporan = FO÷1,12."
(HPP). GR terbaru sekarang: GR-20260702-0010 HPP Rp 110.000."
52,"Tabasco Sauce",52437,GC-20250620-3056,"Justus Steakhouse SMB","Main Store",2026-06-01,2026-06-30,,,,,47100,GR-20260706-0022,2026-07-06,42000,,,,,,,,,,"Tidak ada transaksi GR outlet di periode"
53,"Teh Celup",52443,GC-20250620-6711,"Justus Steakhouse SMB","Main Store",2026-06-01,2026-06-30,,,,,56700,GR-20260706-0022,2026-07-06,50550,,,,,,,,,,"Tidak ada transaksi GR outlet di periode"
54,"Tepung Easy Mix",52444,GC-20250620-8983,"Justus Steakhouse SMB","Main Store",2026-06-01,2026-06-30,Pack,5.000,32000.00,28571.43,35300.00,GR-20260706-0024,2026-07-06,31500,GR-20260526-0033,2026-05-26,POF26051131,28500.00,Pack,28500.00,32000.00,2026-06-01,sell_line≈fo_price_stored,"FO tersimpan Rp 32.000 (bukan GR terbaru). Cocok GR GR-20260526-0033 (2026-05-26), PO POF26051131 beli Rp 28.500/Pack → HPP Rp 28.500 → jual +12% Rp 32.000. Angka ~28.571 di laporan = FO÷1,12 (HPP). GR terbaru sekarang: GR-20260706-0024 HPP Rp 31.500."
55,"Tepung Roti Kasar",52447,GC-20250620-8148,"Justus Steakhouse SMB","Main Store",2026-06-01,2026-06-30,Kilogram,3.500,22200.00,19821.43,22200.00,GR-20260708-0031,2026-07-08,19800,GR-20260602-0064,2026-06-02,POF26051462,19800.00,Kilogram,19800.00,22200.00,2026-06-03,sell_line≈fo_price_stored,"FO tersimpan Rp 22.200 (bukan GR terbaru). Cocok GR GR-20260602-0064 (2026-06-02), PO POF26051462 beli Rp 19.800/Kilogram → HPP Rp 19.800 → jual +12% Rp 22.200. Angka ~19.821 di laporan = FO÷1,12 (HPP). GR terbaru sekarang: GR-20260708-0031 HPP Rp 19.800."
56,Thyme,52655,GC-20250620-8119,"Justus Steakhouse SMB","Main Store",2026-06-01,2026-06-30,Kilogram,0.100,268800.00,240000.00,268800.00,GR-20260701-0046,2026-07-01,240000,GR-20260530-0010,2026-05-30,POF26051474,240000.00,Kilogram,240000.00,268800.00,2026-06-01,sell_line≈fo_price_stored,"FO tersimpan Rp 268.800 (bukan GR terbaru). Cocok GR GR-20260530-0010 (2026-05-30), PO POF26051474 beli Rp 240.000/Kilogram → HPP Rp 240.000 → jual +12% Rp 268.800. Angka ~240.000 di laporan = FO÷1,12 (HPP). GR terbaru sekarang: GR-20260701-0046 HPP Rp 240.000."
57,"Tissue Dinner",52815,GC-20260626-9048,"Justus Steakhouse SMB","Main Store",2026-06-01,2026-06-30,Pack,30.000,8900.00,7946.43,8900.00,GR-20260706-0001,2026-07-06,7882,GR-20260528-0001,2026-05-28,POF26051243,7882.00,Pack,7882.00,8900.00,2026-06-01,sell_line≈fo_price_stored,"FO tersimpan Rp 8.900 (bukan GR terbaru). Cocok GR GR-20260528-0001 (2026-05-28), PO POF26051243 beli Rp 7.882/Pack → HPP Rp 7.882 → jual +12% Rp 8.900. Angka ~7.946 di laporan = FO÷1,12 (HPP). GR terbaru sekarang: GR-20260706-0001 HPP Rp 7.882."
58,"Tissue Pop Up",52817,GC-20260415-5235,"Justus Steakhouse SMB","Main Store",2026-06-01,2026-06-30,Pack,12.000,29600.00,26428.57,29600.00,GR-20260706-0038,2026-07-06,26383,GR-20260617-0045,2026-06-17,POF26060696,26383.00,Pack,26383.00,29600.00,2026-06-17,sell_line≈fo_price_stored,"FO tersimpan Rp 29.600 (bukan GR terbaru). Cocok GR GR-20260617-0045 (2026-06-17), PO POF26060696 beli Rp 26.383/Pack → HPP Rp 26.383 → jual +12% Rp 29.600. Angka ~26.429 di laporan = FO÷1,12 (HPP). GR terbaru sekarang: GR-20260706-0038 HPP Rp 26.383."
59,"Tissue Roll",52818,GC-20260501-8570,"Justus Steakhouse SMB","Main Store",2026-06-01,2026-06-30,,,,,16200,GR-20260706-0038,2026-07-06,14451,,,,,,,,,,"Tidak ada transaksi GR outlet di periode"
60,"Tissue Towel",52819,GC-20260424-9116,"Justus Steakhouse SMB","Main Store",2026-06-01,2026-06-30,Pack,168.000,6500.00,5803.57,6500.00,GR-20260707-0025,2026-07-07,5748,GR-20260617-0045,2026-06-17,POF26060696,5748.00,Pack,5748.00,6500.00,2026-06-17,sell_line≈fo_price_stored,"FO tersimpan Rp 6.500 (bukan GR terbaru). Cocok GR GR-20260617-0045 (2026-06-17), PO POF26060696 beli Rp 5.748/Pack → HPP Rp 5.748 → jual +12% Rp 6.500. Angka ~5.804 di laporan = FO÷1,12 (HPP). GR terbaru sekarang: GR-20260707-0025 HPP Rp 5.748."
61,"Truffle Oil",52458,GC-20260203-3626,"Justus Steakhouse SMB","Main Store",2026-06-01,2026-06-30,Botol,6.000,209900.00,187410.71,209900.00,GR-20260703-0005,2026-07-03,187404,GR-20260528-0055,2026-05-28,POF26051232,187404.00,Botol,187404.00,209900.00,2026-06-08,sell_line≈fo_price_stored,"FO tersimpan Rp 209.900 (bukan GR terbaru). Cocok GR GR-20260528-0055 (2026-05-28), PO POF26051232 beli Rp 187.404/Botol → HPP Rp 187.404 → jual +12% Rp 209.900. Angka ~187.411 di laporan = FO÷1,12 (HPP). GR terbaru sekarang: GR-20260703-0005 HPP Rp 187.404."
62,Dishwash,52717,GC-20250620-4999,"Justus Steakhouse SMB","Main Store",2026-06-01,2026-06-30,Galon,2.000,30300.00,27053.57,30300.00,GR-20260708-0018,2026-07-08,27000,GR-20260530-0014,2026-05-30,POF26051333,27000.00,Galon,27000.00,30300.00,2026-06-01,sell_line≈fo_price_stored,"FO tersimpan Rp 30.300 (bukan GR terbaru). Cocok GR GR-20260530-0014 (2026-05-30), PO POF26051333 beli Rp 27.000/Galon → HPP Rp 27.000 → jual +12% Rp 30.300. Angka ~27.054 di laporan = FO÷1,12 (HPP). GR terbaru sekarang: GR-20260708-0018 HPP Rp 27.000."
63,"General Cleaner",55709,GC-20260416-8411,"Justus Steakhouse SMB","Main Store",2026-06-01,2026-06-30,,,,,124400,GR-20260708-0045,2026-07-08,111000,,,,,,,,,,"Tidak ada transaksi GR outlet di periode"
64,Hairnet,52736,GC-20250620-6280,"Justus Steakhouse SMB","Main Store",2026-06-01,2026-06-30,Pack,2.000,44900.00,40089.29,44900.00,GR-20260708-0055,2026-07-08,40000,GR-20260521-0008,2026-05-21,POF26050884,40000.00,Pack,40000.00,44900.00,2026-06-01,sell_line≈fo_price_stored,"FO tersimpan Rp 44.900 (bukan GR terbaru). Cocok GR GR-20260521-0008 (2026-05-21), PO POF26050884 beli Rp 40.000/Pack → HPP Rp 40.000 → jual +12% Rp 44.900. Angka ~40.089 di laporan = FO÷1,12 (HPP). GR terbaru sekarang: GR-20260708-0055 HPP Rp 40.000."
65,"Hands Glove Rubber",52732,GC-20260515-4131,"Justus Steakhouse SMB","Main Store",2026-06-01,2026-06-30,Pack,1.000,68400.00,61071.43,68400.00,GR-20260708-0042,2026-07-08,61000,,,,,,,,2026-06-01,sell_line≈fo_price_stored,"FO Rp 68.400; belum ketemu GR pusat yang cocok ≤ 2026-06-01. GR terbaru: GR-20260708-0042 (HPP Rp 61.000)."
66,"Masker 3 Ply",52733,GC-20250620-3579,"Justus Steakhouse SMB","Main Store",2026-06-01,2026-06-30,Pack,4.000,29200.00,26071.43,29200.00,GR-20260701-0046,2026-07-01,26000,GR-20260530-0010,2026-05-30,POF26051474,26000.00,Pack,26000.00,29200.00,2026-06-05,sell_line≈fo_price_stored,"FO tersimpan Rp 29.200 (bukan GR terbaru). Cocok GR GR-20260530-0010 (2026-05-30), PO POF26051474 beli Rp 26.000/Pack → HPP Rp 26.000 → jual +12% Rp 29.200. Angka ~26.071 di laporan = FO÷1,12 (HPP). GR terbaru sekarang: GR-20260701-0046 HPP Rp 26.000."
67,"HVS 1 Ply 75x65",54789,GC-20260403-9291,"Justus Steakhouse SMB","Main Store",2026-06-01,2026-06-30,,,,,44900,GR-20260706-0025,2026-07-06,40000,,,,,,,,,,"Tidak ada transaksi GR outlet di periode"
68,"Label Preparation Roll",55500,GC-20260212-6194,"Justus Steakhouse SMB","Main Store",2026-06-01,2026-06-30,Roll,1.000,168100.00,150089.29,168100.00,GR-20260701-0082,2026-07-01,150000,GR-20260603-0050,2026-06-03,POF26051479,150.00,Pcs,150000.00,168100.00,2026-06-03,sell_line≈fo_price_stored,"FO tersimpan Rp 168.100 (bukan GR terbaru). Cocok GR GR-20260603-0050 (2026-06-03), PO POF26051479 beli Rp 150/Pcs → HPP Rp 150.000 → jual +12% Rp 168.100. Angka ~150.089 di laporan = FO÷1,12 (HPP). GR terbaru sekarang: GR-20260701-0082 HPP Rp 150.000."
69,"Thermal Roll Steak house",52690,GC-20250620-5902,"Justus Steakhouse SMB","Main Store",2026-06-01,2026-06-30,Pcs,13.000,12700.00,11339.29,12700.00,GR-20260706-0025,2026-07-06,11300,GR-20260601-0023,2026-06-01,POF26051458,11300.00,Pcs,11300.00,12700.00,2026-06-02,sell_line≈fo_price_stored,"FO tersimpan Rp 12.700 (bukan GR terbaru). Cocok GR GR-20260601-0023 (2026-06-01), PO POF26051458 beli Rp 11.300/Pcs → HPP Rp 11.300 → jual +12% Rp 12.700. Angka ~11.339 di laporan = FO÷1,12 (HPP). GR terbaru sekarang: GR-20260706-0025 HPP Rp 11.300."
